,Before,After
0,-5220.340865445077,-5378.272411095772
1,-3946.144573189578,-4071.5153305525255
2,-5238.308065637898,-5294.5142934000905
