,Before,After
0,-20098.53795642776,-20098.53795642776
1,-8421.49131736748,-8421.49131736748
