,Before,After
0,-966.4074448024685,-1007.1262505286318
1,-802.9611791134561,-812.3365341008895
2,-2153.7673842951026,-2246.2983419820966
3,-2351.0997605233238,-2430.809917789828
